Run,Type,Name,Opt,Size,Queries,UQueries,Symbols,USymbols,CEs,NumStates,Dur
0, SBA, partial, false, 10, 1904, 1467, 10364, 8439, 40, 50, 0
0, SPA, complete, false, 10, 2101, 1833, 21911, 19288, 32, 40, 0
0, SBA, complete, false, 10, 3156, 2886, 17254, 16133, 40, 50, 0
0, SBA, partial, true, 10, 1875, 1467, 10230, 8439, 40, 50, 0
0, SPA, complete, true, 10, 1961, 1834, 20455, 19295, 32, 40, 0
0, SPA, partial, false, 10, 2919, 2570, 26079, 23243, 38, 45, 0
0, SBA, complete, true, 10, 3224, 2888, 17552, 16143, 40, 50, 0
0, SPA, partial, true, 10, 2737, 2571, 24623, 23384, 38, 45, 0
0, SBA, partial, false, 25, 6432, 5357, 43193, 37221, 114, 125, 0
0, SBA, complete, false, 25, 11625, 10548, 74060, 68718, 115, 125, 0
0, SBA, partial, true, 25, 6484, 5357, 43472, 37221, 114, 125, 0
0, SPA, complete, false, 25, 8630, 7915, 105125, 97264, 109, 115, 0
0, SBA, complete, true, 25, 11788, 10582, 74838, 68888, 115, 125, 0
0, SPA, complete, true, 25, 8533, 7943, 104058, 97652, 109, 115, 0
0, SPA, partial, true, 25, 10923, 10258, 157741, 148870, 107, 120, 0
0, SPA, partial, false, 25, 11111, 10238, 160238, 148576, 107, 120, 0
0, SBA, complete, false, 50, 28485, 25705, 189876, 175192, 240, 250, 0
0, SBA, partial, false, 50, 15251, 12906, 111954, 97563, 239, 250, 0
0, SBA, complete, true, 50, 28782, 25785, 191387, 175602, 240, 250, 0
0, SBA, partial, true, 50, 15429, 12906, 112920, 97563, 239, 250, 0
0, SPA, complete, false, 50, 21318, 19761, 227945, 213607, 234, 240, 1
0, SPA, complete, true, 50, 21274, 19776, 227484, 213793, 233, 240, 1
0, SBA, partial, false, 100, 34666, 29534, 270352, 236338, 488, 500, 1
1, SBA, complete, false, 10, 3248, 2952, 17765, 16520, 39, 50, 0
0, SBA, complete, false, 100, 66563, 59930, 481825, 443432, 490, 500, 1
1, SPA, complete, false, 10, 2144, 1865, 16993, 14901, 35, 40, 0
1, SBA, partial, false, 10, 1899, 1492, 10712, 8761, 38, 50, 0
1, SPA, partial, false, 10, 2681, 2359, 26928, 23912, 39, 45, 0
1, SPA, complete, true, 10, 2000, 1866, 15885, 14991, 35, 40, 0
1, SBA, complete, true, 10, 3317, 2955, 18065, 16535, 39, 50, 0
1, SBA, partial, true, 10, 1869, 1492, 10567, 8761, 38, 50, 0
1, SPA, partial, true, 10, 2521, 2365, 25395, 23996, 39, 45, 0
1, SBA, complete, false, 25, 11982, 10908, 75746, 70387, 115, 125, 0
0, SPA, partial, false, 50, 25801, 24050, 576478, 540644, 232, 245, 1
1, SBA, partial, false, 25, 6491, 5384, 39564, 34009, 114, 125, 0
1, SPA, complete, false, 25, 8674, 7944, 78236, 72460, 109, 115, 0
1, SBA, complete, true, 25, 12145, 10940, 76535, 70552, 115, 125, 0
0, SPA, partial, true, 50, 25662, 24042, 578697, 545521, 232, 245, 1
1, SPA, partial, false, 25, 11120, 10263, 132554, 123555, 111, 120, 0
1, SBA, partial, true, 25, 6540, 5384, 39787, 34009, 114, 125, 0
1, SPA, complete, true, 25, 8549, 7954, 77927, 73252, 109, 115, 0
1, SPA, partial, true, 25, 10916, 10269, 130445, 123716, 112, 120, 0
0, SBA, complete, true, 100, 67113, 60142, 484851, 444617, 490, 500, 1
1, SBA, complete, false, 50, 28736, 26097, 191438, 177343, 240, 250, 0
1, SBA, partial, false, 50, 15282, 12881, 103621, 89973, 239, 250, 0
1, SBA, complete, true, 50, 29037, 26195, 192964, 177856, 240, 250, 0
0, SBA, partial, true, 100, 35058, 29534, 272528, 236338, 488, 500, 1
1, SBA, partial, true, 50, 15428, 12881, 104301, 89973, 239, 250, 0
1, SPA, complete, false, 50, 21440, 19907, 289963, 271575, 231, 240, 1
1, SPA, partial, false, 50, 29220, 27367, 437396, 412318, 234, 245, 1
1, SPA, complete, true, 50, 21381, 19897, 289393, 271655, 230, 240, 1
1, SBA, complete, false, 100, 64377, 58113, 475295, 438716, 490, 500, 1
1, SPA, partial, true, 50, 29477, 27829, 443716, 421497, 228, 245, 1
1, SBA, partial, false, 100, 34581, 29539, 266946, 233625, 490, 500, 0
1, SBA, complete, true, 100, 64926, 58311, 478298, 439820, 490, 500, 1
2, SBA, complete, false, 10, 3358, 3069, 18163, 16974, 40, 50, 0
2, SPA, complete, false, 10, 2197, 1924, 19718, 17416, 32, 40, 0
2, SBA, partial, false, 10, 1924, 1497, 10851, 8871, 40, 50, 0
2, SPA, partial, false, 10, 3197, 2828, 31433, 28143, 37, 45, 0
2, SBA, complete, true, 10, 3428, 3072, 18469, 16989, 40, 50, 0
2, SPA, complete, true, 10, 2057, 1926, 18464, 17440, 32, 40, 0
2, SBA, partial, true, 10, 1900, 1497, 10741, 8871, 40, 50, 0
2, SPA, partial, true, 10, 2991, 2828, 29352, 27961, 37, 45, 0
2, SBA, complete, false, 25, 11846, 10786, 75138, 69845, 116, 125, 0
2, SPA, complete, false, 25, 8590, 7891, 99926, 92592, 110, 115, 0
2, SBA, partial, false, 25, 6381, 5330, 40135, 34581, 114, 125, 0
1, SBA, partial, true, 100, 34953, 29537, 268999, 233607, 490, 500, 1
2, SBA, complete, true, 25, 12010, 10815, 75936, 69992, 116, 125, 0
2, SPA, partial, false, 25, 12176, 11213, 194862, 180342, 110, 120, 0
2, SPA, complete, true, 25, 8436, 7876, 98195, 92460, 110, 115, 0
2, SBA, partial, true, 25, 6432, 5330, 40378, 34581, 114, 125, 0
2, SPA, partial, true, 25, 11890, 11231, 190166, 180670, 110, 120, 0
2, SBA, complete, false, 50, 27640, 25022, 190646, 176538, 241, 250, 0
2, SBA, partial, false, 50, 15445, 13003, 102830, 89403, 240, 250, 0
2, SPA, complete, false, 50, 21553, 19976, 240517, 225068, 236, 240, 1
2, SBA, complete, true, 50, 27936, 25110, 192162, 177000, 241, 250, 0
2, SPA, partial, false, 50, 28699, 26900, 504257, 475826, 232, 245, 1
2, SBA, partial, true, 50, 15609, 13003, 103639, 89403, 240, 250, 0
2, SPA, complete, true, 50, 21475, 19977, 239789, 225222, 236, 240, 1
2, SPA, partial, true, 50, 28605, 26985, 511008, 484797, 231, 245, 1
2, SBA, complete, false, 100, 66559, 60320, 467604, 432303, 490, 500, 1
2, SBA, partial, false, 100, 34533, 29458, 258321, 225776, 488, 499, 0
0, SPA, complete, false, 100, 51648, 48201, 708327, 666850, 480, 490, 17
0, SPA, complete, true, 100, 51794, 48205, 710415, 666998, 480, 490, 17
0, SPA, partial, false, 100, 69360, 65452, 1172726, 1113512, 479, 495, 18
2, SBA, complete, true, 100, 67111, 60496, 470579, 433250, 490, 500, 1
0, SPA, partial, true, 100, 70153, 66250, 1180642, 1120920, 478, 495, 18
3, SBA, complete, false, 10, 3128, 2861, 17464, 16341, 41, 50, 0
3, SPA, complete, false, 10, 2153, 1877, 18904, 16620, 36, 40, 0
3, SBA, partial, false, 10, 1988, 1556, 12456, 10322, 39, 50, 0
3, SPA, partial, false, 10, 3008, 2667, 34192, 30406, 38, 45, 0
3, SBA, complete, true, 10, 3197, 2863, 17764, 16351, 41, 50, 0
3, SPA, complete, true, 10, 2002, 1874, 17543, 16598, 36, 40, 0
3, SBA, partial, true, 10, 1961, 1556, 12335, 10322, 39, 50, 0
3, SPA, partial, true, 10, 2838, 2668, 33451, 31580, 38, 45, 0
3, SBA, complete, false, 25, 11093, 10066, 72838, 67670, 116, 125, 0
3, SPA, complete, false, 25, 8451, 7749, 107441, 99434, 110, 115, 0
3, SBA, partial, false, 25, 6695, 5602, 44658, 38623, 113, 125, 0
3, SPA, partial, false, 25, 9315, 8516, 122780, 113120, 109, 120, 0
2, SBA, partial, true, 100, 34879, 29458, 260073, 225776, 488, 499, 1
3, SBA, complete, true, 25, 11257, 10093, 73633, 67810, 116, 125, 0
3, SBA, partial, true, 25, 6740, 5602, 44903, 38623, 113, 125, 0
3, SPA, complete, true, 25, 8327, 7749, 105828, 99457, 110, 115, 0
1, SPA, complete, false, 100, 51374, 47923, 688098, 646865, 481, 490, 17
3, SPA, partial, true, 25, 9172, 8534, 122013, 114054, 109, 120, 0
3, SBA, complete, false, 50, 28245, 25505, 192757, 178065, 240, 250, 0
3, SBA, partial, false, 50, 15797, 13454, 118925, 104169, 239, 250, 0
3, SBA, complete, true, 50, 28545, 25587, 194296, 178493, 240, 250, 0
1, SPA, complete, true, 100, 51605, 47952, 693307, 648020, 481, 490, 18
1, SPA, partial, false, 100, 72048, 67987, 1083031, 1027438, 482, 495, 18
3, SPA, complete, false, 50, 21517, 19929, 258475, 241506, 231, 240, 1
3, SBA, partial, true, 50, 15967, 13454, 119874, 104169, 239, 250, 0
3, SPA, partial, false, 50, 25760, 24050, 404634, 379608, 236, 245, 1
3, SPA, complete, true, 50, 21475, 19966, 259400, 243269, 230, 240, 1
1, SPA, partial, true, 100, 72683, 68758, 1088905, 1034291, 482, 495, 18
3, SBA, complete, false, 100, 63478, 57327, 478727, 442321, 491, 500, 1
3, SBA, partial, false, 100, 34704, 29659, 238660, 209244, 491, 500, 0
3, SPA, partial, true, 50, 25657, 24054, 403525, 379979, 236, 245, 1
3, SBA, complete, true, 100, 64031, 57512, 481804, 443356, 491, 500, 1
4, SBA, complete, false, 10, 3184, 2887, 17637, 16398, 40, 50, 0
4, SPA, complete, false, 10, 2188, 1900, 20363, 17863, 32, 40, 0
4, SBA, partial, false, 10, 1965, 1542, 10022, 8179, 38, 50, 0
4, SPA, partial, false, 10, 2512, 2213, 21658, 19278, 37, 45, 0
4, SBA, complete, true, 10, 3253, 2888, 17942, 16402, 40, 50, 0
4, SPA, complete, true, 10, 2039, 1901, 19211, 18084, 32, 40, 0
4, SBA, partial, true, 10, 1942, 1542, 9909, 8179, 38, 50, 0
4, SPA, partial, true, 10, 2371, 2214, 20553, 19363, 37, 45, 0
4, SBA, complete, false, 25, 11802, 10724, 74482, 69171, 115, 125, 0
3, SBA, partial, true, 100, 35094, 29658, 240607, 209234, 491, 500, 1
4, SPA, complete, false, 25, 8667, 7936, 102939, 95139, 105, 115, 0
4, SBA, partial, false, 25, 6608, 5526, 42917, 37136, 115, 125, 0
4, SBA, complete, true, 25, 11967, 10752, 75269, 69313, 115, 125, 0
4, SPA, partial, false, 25, 11513, 10649, 173804, 161947, 106, 120, 0
4, SBA, partial, true, 25, 6661, 5526, 43175, 37136, 115, 125, 0
4, SPA, complete, true, 25, 8554, 7956, 101732, 95528, 105, 115, 0
4, SPA, partial, true, 25, 11279, 10653, 171152, 162645, 107, 120, 0
4, SBA, complete, false, 50, 27840, 25251, 192607, 178594, 240, 250, 0
4, SBA, partial, false, 50, 15425, 13109, 112964, 99014, 240, 250, 0
4, SPA, complete, false, 50, 21657, 20108, 249624, 233958, 235, 240, 1
4, SBA, complete, true, 50, 28139, 25329, 194139, 179009, 240, 250, 0
4, SPA, partial, false, 50, 31809, 29907, 576065, 544659, 237, 245, 1
4, SBA, partial, true, 50, 15584, 13109, 113782, 99014, 240, 250, 0
2, SPA, complete, false, 100, 51398, 47950, 648084, 609124, 483, 490, 17
4, SPA, complete, true, 50, 21625, 20104, 249636, 234110, 235, 240, 1
2, SPA, partial, false, 100, 70600, 66606, 1116855, 1059677, 478, 494, 17
4, SBA, complete, false, 100, 65322, 59181, 472419, 437216, 490, 500, 1
4, SPA, partial, true, 50, 31573, 29922, 572057, 545043, 237, 245, 1
4, SBA, partial, false, 100, 35166, 30103, 277528, 244284, 490, 500, 0
4, SBA, complete, true, 100, 65874, 59397, 475430, 438402, 490, 500, 1
4, SBA, partial, true, 100, 35529, 30103, 279533, 244284, 490, 500, 1
2, SPA, complete, true, 100, 51711, 47978, 654612, 610509, 483, 490, 18
5, SBA, complete, false, 10, 3277, 2972, 18845, 17504, 40, 50, 0
5, SPA, complete, false, 10, 2247, 1957, 22975, 20197, 33, 40, 0
5, SBA, partial, false, 10, 2100, 1659, 11876, 9877, 40, 50, 0
5, SPA, partial, false, 10, 2652, 2338, 23466, 20923, 37, 45, 0
5, SBA, complete, true, 10, 3345, 2975, 19149, 17519, 40, 50, 0
5, SPA, complete, true, 10, 2097, 1964, 21525, 20297, 33, 40, 0
5, SBA, partial, true, 10, 2075, 1659, 11764, 9877, 40, 50, 0
5, SPA, partial, true, 10, 2496, 2335, 22444, 21175, 37, 45, 0
2, SPA, partial, true, 100, 70548, 66618, 1116993, 1060255, 478, 494, 17
5, SBA, complete, false, 25, 11923, 10862, 73802, 68610, 115, 125, 0
5, SBA, partial, false, 25, 6582, 5529, 41200, 35789, 114, 124, 0
5, SPA, complete, false, 25, 8525, 7820, 77297, 71648, 109, 115, 0
5, SBA, complete, true, 25, 12089, 10893, 74597, 68767, 115, 125, 0
5, SPA, partial, false, 25, 11109, 10264, 148613, 138492, 106, 119, 0
5, SBA, partial, true, 25, 6633, 5529, 41437, 35789, 114, 124, 0
5, SPA, complete, true, 25, 8383, 7791, 75916, 71354, 109, 115, 0
5, SPA, partial, true, 25, 10955, 10314, 149521, 141844, 105, 119, 0
5, SBA, complete, false, 50, 27882, 25212, 193509, 179059, 240, 250, 0
5, SBA, partial, false, 50, 15494, 13163, 107290, 94118, 240, 250, 0
5, SPA, complete, false, 50, 21658, 20086, 254992, 238565, 234, 240, 1
5, SBA, complete, true, 50, 28184, 25290, 195100, 179474, 240, 250, 0
5, SPA, partial, false, 50, 27183, 25395, 368100, 345588, 236, 245, 1
5, SBA, partial, true, 50, 15667, 13163, 108184, 94118, 240, 250, 0
3, SPA, complete, false, 100, 51383, 47915, 963807, 904486, 485, 490, 17
5, SPA, complete, true, 50, 21601, 20088, 254121, 238560, 234, 240, 1
5, SPA, partial, true, 50, 26946, 25347, 366597, 346179, 234, 245, 1
5, SBA, complete, false, 100, 65058, 58932, 481253, 445132, 491, 500, 1
3, SPA, complete, true, 100, 51490, 47883, 966223, 904266, 485, 490, 18
3, SPA, partial, false, 100, 67172, 63292, 1223043, 1156904, 489, 495, 18
5, SBA, partial, false, 100, 35147, 30030, 256689, 224917, 489, 500, 0
3, SPA, partial, true, 100, 67169, 63293, 1222627, 1156953, 489, 495, 18
5, SBA, complete, true, 100, 65610, 59107, 484352, 446093, 491, 500, 1
6, SBA, complete, false, 10, 3289, 3005, 18828, 17614, 40, 50, 0
6, SPA, complete, false, 10, 2236, 1956, 20287, 17896, 35, 40, 0
6, SBA, partial, false, 10, 1897, 1480, 9327, 7647, 41, 50, 0
6, SPA, partial, false, 10, 2406, 2110, 20988, 18582, 41, 45, 0
6, SBA, complete, true, 10, 3357, 3013, 19126, 17652, 40, 50, 0
6, SPA, complete, true, 10, 2088, 1959, 18906, 17919, 35, 40, 0
6, SBA, partial, true, 10, 1869, 1480, 9215, 7647, 41, 50, 0
6, SPA, partial, true, 10, 2262, 2113, 19737, 18611, 41, 45, 0
6, SBA, complete, false, 25, 11915, 10832, 74232, 68871, 115, 125, 0
6, SPA, complete, false, 25, 8553, 7824, 102223, 94329, 105, 115, 0
5, SBA, partial, true, 100, 35556, 30030, 258821, 224917, 489, 500, 1
6, SBA, partial, false, 25, 6576, 5488, 43298, 37462, 114, 125, 0
6, SBA, complete, true, 25, 12074, 10862, 74997, 69022, 115, 125, 0
6, SPA, partial, false, 25, 11907, 11003, 146341, 136487, 108, 120, 0
6, SBA, partial, true, 25, 6626, 5488, 43563, 37462, 114, 125, 0
6, SPA, complete, true, 25, 8414, 7832, 100541, 94443, 105, 115, 0
6, SPA, partial, true, 25, 11641, 11004, 143337, 136503, 108, 120, 0
6, SBA, complete, false, 50, 28877, 26140, 197449, 182604, 241, 250, 0
6, SBA, partial, false, 50, 15319, 12978, 108047, 94112, 238, 250, 0
6, SPA, complete, false, 50, 22101, 20511, 339263, 317128, 235, 240, 1
6, SBA, complete, true, 50, 29175, 26226, 199000, 183055, 241, 250, 0
6, SPA, partial, false, 50, 27607, 25826, 411898, 387930, 233, 245, 1
6, SBA, partial, true, 50, 15493, 12977, 108975, 94102, 238, 250, 0
4, SPA, complete, false, 100, 51475, 47998, 698600, 656276, 485, 490, 17
6, SPA, complete, true, 50, 22081, 20539, 339014, 317635, 235, 240, 1
6, SBA, complete, false, 100, 65686, 59305, 477685, 440791, 490, 500, 1
6, SPA, partial, true, 50, 27512, 25849, 421682, 398102, 235, 245, 1
4, SPA, complete, true, 100, 51627, 48027, 700294, 656706, 485, 490, 18
6, SBA, partial, false, 100, 34883, 29745, 249481, 219073, 490, 500, 0
4, SPA, partial, false, 100, 71685, 67684, 1507295, 1431451, 488, 495, 19
6, SBA, complete, true, 100, 66235, 59527, 480693, 442015, 490, 500, 1
6, SBA, partial, true, 100, 35272, 29745, 251355, 219073, 490, 500, 1
7, SBA, complete, false, 10, 3273, 2986, 18299, 17073, 40, 50, 0
7, SPA, complete, false, 10, 2177, 1900, 16344, 14440, 35, 40, 0
7, SBA, partial, false, 10, 1997, 1576, 11294, 9316, 41, 50, 0
7, SPA, partial, false, 10, 2669, 2352, 29135, 25826, 40, 45, 0
7, SBA, complete, true, 10, 3343, 2989, 18617, 17087, 40, 50, 0
7, SPA, complete, true, 10, 2053, 1912, 15541, 14630, 35, 40, 0
7, SBA, partial, true, 10, 1967, 1576, 11166, 9316, 41, 50, 0
7, SPA, partial, true, 10, 2502, 2353, 27244, 25832, 40, 45, 0
7, SBA, complete, false, 25, 12072, 10976, 76834, 71384, 116, 125, 0
7, SPA, complete, false, 25, 8931, 8161, 110372, 101870, 110, 115, 0
7, SBA, partial, false, 25, 6537, 5480, 40699, 35346, 116, 125, 0
7, SPA, partial, false, 25, 11654, 10779, 148595, 138329, 115, 120, 0
7, SBA, complete, true, 25, 12238, 10995, 77645, 71475, 116, 125, 0
7, SPA, complete, true, 25, 8771, 8154, 108493, 101824, 110, 115, 0
7, SBA, partial, true, 25, 6583, 5480, 40911, 35346, 116, 125, 0
7, SPA, partial, true, 25, 11417, 10786, 145802, 138469, 115, 120, 0
7, SBA, complete, false, 50, 28643, 26018, 190889, 176925, 241, 250, 0
4, SPA, partial, true, 100, 71676, 67698, 1509990, 1432781, 488, 495, 19
7, SBA, partial, false, 50, 15527, 13192, 109896, 96149, 238, 250, 0
7, SPA, complete, false, 50, 21393, 19828, 223400, 208835, 236, 240, 1
7, SBA, complete, true, 50, 28933, 26096, 192365, 177333, 241, 250, 0
7, SPA, partial, false, 50, 25683, 23928, 582014, 545179, 229, 245, 1
7, SBA, partial, true, 50, 15704, 13192, 110834, 96149, 238, 250, 0
7, SPA, complete, true, 50, 21278, 19788, 222048, 208342, 236, 240, 1
7, SPA, partial, true, 50, 25529, 23934, 578119, 545229, 229, 245, 1
7, SBA, complete, false, 100, 65052, 58711, 483341, 446179, 490, 500, 1
7, SBA, partial, false, 100, 35269, 29935, 270591, 236236, 489, 500, 0
5, SPA, complete, false, 100, 51398, 47929, 700092, 657823, 485, 490, 17
5, SPA, partial, false, 100, 70027, 65979, 1144397, 1082115, 477, 495, 17
5, SPA, complete, true, 100, 51611, 47960, 705182, 659360, 485, 490, 18
7, SBA, complete, true, 100, 65603, 58909, 486411, 447286, 490, 500, 1
5, SPA, partial, true, 100, 69968, 65983, 1142220, 1079806, 476, 495, 18
8, SBA, complete, false, 10, 3146, 2870, 17292, 16153, 40, 50, 0
8, SPA, complete, false, 10, 2143, 1869, 17095, 15059, 34, 40, 0
8, SBA, partial, false, 10, 1936, 1514, 10246, 8478, 39, 50, 0
8, SPA, partial, false, 10, 2737, 2387, 32124, 28014, 35, 44, 0
8, SBA, complete, true, 10, 3215, 2870, 17591, 16153, 40, 50, 0
8, SPA, complete, true, 10, 2008, 1873, 16144, 15223, 34, 40, 0
8, SBA, partial, true, 10, 1905, 1514, 10119, 8478, 39, 50, 0
8, SPA, partial, true, 10, 2540, 2390, 29713, 28145, 35, 44, 0
8, SBA, complete, false, 25, 11788, 10720, 73468, 68217, 115, 125, 0
8, SPA, complete, false, 25, 8575, 7849, 92955, 85865, 108, 115, 0
7, SBA, partial, true, 100, 35657, 29935, 272729, 236236, 489, 500, 1
8, SBA, partial, false, 25, 6574, 5516, 42413, 36720, 114, 125, 0
8, SBA, complete, true, 25, 11955, 10750, 74257, 68370, 115, 125, 0
8, SPA, partial, false, 25, 10035, 9196, 123980, 114726, 110, 120, 0
8, SBA, partial, true, 25, 6625, 5516, 42680, 36720, 114, 125, 0
8, SPA, complete, true, 25, 8422, 7845, 91279, 85829, 108, 115, 0
8, SPA, partial, true, 25, 9848, 9197, 122575, 115354, 110, 120, 0
8, SBA, complete, false, 50, 28499, 25861, 194357, 180062, 241, 250, 0
8, SBA, partial, false, 50, 15377, 13089, 103926, 90920, 241, 250, 0
8, SPA, complete, false, 50, 21419, 19896, 292437, 273769, 235, 240, 1
8, SBA, complete, true, 50, 28798, 25950, 195893, 180545, 241, 250, 0
8, SPA, partial, false, 50, 29540, 27654, 513123, 483229, 240, 245, 1
8, SBA, partial, true, 50, 15549, 13089, 104827, 90920, 241, 250, 0
8, SPA, complete, true, 50, 21394, 19924, 291999, 274132, 235, 240, 1
6, SPA, complete, false, 100, 51536, 48091, 678281, 638180, 483, 490, 17
8, SPA, partial, true, 50, 29300, 27661, 509117, 483330, 240, 245, 1
8, SBA, complete, false, 100, 64499, 58037, 484042, 445742, 490, 500, 1
6, SPA, partial, false, 100, 67603, 63650, 965389, 915802, 483, 495, 18
6, SPA, complete, true, 100, 51707, 48109, 680711, 638183, 483, 490, 18
8, SBA, partial, false, 100, 34733, 29618, 244068, 213908, 490, 500, 0
8, SBA, complete, true, 100, 65052, 58220, 487135, 446788, 490, 500, 1
8, SBA, partial, true, 100, 35140, 29618, 246135, 213908, 490, 500, 1
9, SBA, complete, false, 10, 3054, 2786, 16974, 15825, 40, 50, 0
9, SPA, complete, false, 10, 2075, 1812, 17795, 15708, 33, 40, 0
9, SBA, partial, false, 10, 1910, 1470, 11169, 9097, 37, 49, 0
9, SPA, partial, false, 10, 2678, 2347, 29508, 26124, 36, 44, 0
6, SPA, partial, true, 100, 67658, 63721, 967049, 917106, 483, 495, 18
9, SPA, complete, true, 10, 1941, 1812, 16561, 15618, 33, 40, 0
9, SBA, complete, true, 10, 3122, 2792, 17273, 15856, 40, 50, 0
9, SBA, partial, true, 10, 1884, 1470, 11057, 9097, 37, 49, 0
9, SPA, partial, true, 10, 2500, 2348, 27666, 26197, 36, 44, 0
9, SBA, complete, false, 25, 11621, 10524, 76389, 70843, 115, 125, 0
9, SBA, partial, false, 25, 6486, 5429, 41537, 36054, 116, 125, 0
9, SPA, complete, false, 25, 8728, 7993, 144094, 132992, 109, 115, 0
9, SBA, complete, true, 25, 11780, 10549, 77164, 70967, 115, 125, 0
9, SPA, partial, false, 25, 11066, 10210, 162162, 150671, 114, 120, 0
9, SBA, partial, true, 25, 6525, 5429, 41736, 36054, 116, 125, 0
9, SPA, complete, true, 25, 8600, 8004, 142180, 133229, 109, 115, 0
9, SPA, partial, true, 25, 10845, 10212, 159049, 150736, 114, 120, 0
9, SBA, complete, false, 50, 28312, 25652, 195243, 180785, 240, 250, 0
9, SBA, partial, false, 50, 15538, 13161, 108743, 95032, 240, 250, 0
9, SPA, complete, false, 50, 21558, 20017, 264528, 247713, 233, 240, 1
9, SBA, complete, true, 50, 28605, 25744, 196787, 181278, 240, 250, 0
9, SPA, partial, false, 50, 28712, 26927, 505004, 476482, 232, 245, 1
9, SBA, partial, true, 50, 15719, 13161, 109694, 95032, 240, 250, 0
9, SPA, complete, true, 50, 21555, 20064, 272115, 255388, 233, 240, 1
9, SPA, partial, true, 50, 28571, 26951, 500086, 474364, 231, 245, 1
9, SBA, complete, false, 100, 67146, 60887, 469093, 433581, 490, 500, 1
7, SPA, complete, false, 100, 51696, 48212, 859219, 806545, 476, 490, 17
9, SBA, partial, false, 100, 34968, 29849, 271207, 237653, 487, 499, 1
7, SPA, partial, false, 100, 72270, 68215, 1363001, 1293194, 484, 495, 18
9, SBA, complete, true, 100, 67700, 61089, 472106, 434677, 490, 500, 1
9, SBA, partial, true, 100, 35343, 29848, 273278, 237644, 487, 499, 1
7, SPA, complete, true, 100, 51894, 48288, 862341, 807852, 476, 490, 17
10, SBA, complete, false, 10, 2317, 2113, 13293, 12390, 33, 42, 0
10, SPA, complete, false, 10, 0, 0, 0, 0, 1, 0, 0
10, SBA, partial, false, 10, 2079, 1663, 10289, 8577, 40, 50, 0
10, SPA, partial, false, 10, 3557, 3144, 37431, 33291, 37, 45, 0
10, SBA, complete, true, 10, 2371, 2117, 13541, 12411, 33, 42, 0
10, SPA, complete, true, 10, 0, 0, 0, 0, 1, 0, 0
10, SBA, partial, true, 10, 2058, 1663, 10192, 8577, 40, 50, 0
10, SPA, partial, true, 10, 3322, 3145, 35161, 33517, 36, 45, 0
10, SBA, complete, false, 25, 11642, 10558, 74288, 68882, 115, 125, 0
10, SPA, complete, false, 25, 8580, 7879, 105847, 97886, 109, 115, 0
10, SBA, partial, false, 25, 6651, 5590, 41851, 36400, 114, 125, 0
10, SPA, partial, false, 25, 10101, 9285, 114931, 106685, 108, 120, 0
10, SBA, complete, true, 25, 11810, 10588, 75094, 69035, 115, 125, 0
10, SPA, complete, true, 25, 8467, 7890, 104430, 98143, 109, 115, 0
10, SBA, partial, true, 25, 6706, 5590, 42127, 36400, 114, 125, 0
10, SPA, partial, true, 25, 9959, 9326, 115116, 108606, 107, 120, 0
10, SBA, complete, false, 50, 28984, 26241, 197165, 182372, 240, 250, 0
7, SPA, partial, true, 100, 72413, 68370, 1412199, 1338551, 481, 495, 18
10, SBA, partial, false, 50, 15238, 12944, 104724, 91514, 239, 250, 0
10, SPA, complete, false, 50, 21884, 20326, 277964, 260140, 231, 240, 1
10, SBA, complete, true, 50, 29279, 26326, 198678, 182818, 240, 250, 0
10, SPA, partial, false, 50, 30171, 28285, 444797, 419655, 230, 245, 1
10, SBA, partial, true, 50, 15402, 12944, 105570, 91514, 239, 250, 0
10, SPA, complete, true, 50, 21891, 20372, 277991, 260716, 231, 240, 1
10, SPA, partial, true, 50, 29935, 28276, 441379, 419402, 230, 245, 1
10, SBA, complete, false, 100, 65997, 59402, 476520, 438450, 490, 500, 1
8, SPA, complete, false, 100, 51046, 47627, 947095, 891165, 483, 490, 18
8, SPA, partial, false, 100, 68793, 64833, 1117603, 1059295, 478, 495, 17
10, SBA, partial, false, 100, 34738, 29712, 269970, 236647, 488, 500, 0
10, SBA, complete, true, 100, 66548, 59608, 479534, 439579, 490, 500, 1
8, SPA, complete, true, 100, 51217, 47664, 950105, 891688, 481, 490, 18
10, SBA, partial, true, 100, 35133, 29711, 272228, 236632, 488, 500, 1
11, SBA, complete, false, 10, 3113, 2847, 16878, 15801, 41, 50, 0
11, SPA, complete, false, 10, 2048, 1796, 16814, 14886, 36, 40, 0
11, SBA, partial, false, 10, 1887, 1465, 9980, 8124, 39, 50, 0
11, SPA, partial, false, 10, 2600, 2296, 22711, 20310, 37, 45, 0
11, SBA, complete, true, 10, 3183, 2849, 17186, 15810, 41, 50, 0
11, SPA, complete, true, 10, 1926, 1799, 15828, 14926, 36, 40, 0
11, SBA, partial, true, 10, 1860, 1465, 9857, 8124, 39, 50, 0
11, SPA, partial, true, 10, 2451, 2290, 21457, 20261, 37, 45, 0
11, SBA, complete, false, 25, 11214, 10157, 72751, 67459, 115, 125, 0
11, SPA, complete, false, 25, 8437, 7721, 105314, 97344, 109, 115, 0
11, SBA, partial, false, 25, 6436, 5359, 40461, 34910, 115, 125, 0
8, SPA, partial, true, 100, 68821, 64859, 1125124, 1066575, 479, 495, 18
11, SPA, partial, false, 25, 11600, 10712, 200941, 186962, 106, 120, 0
11, SBA, complete, true, 25, 11381, 10184, 73566, 67596, 115, 125, 0
11, SPA, complete, true, 25, 8306, 7721, 103592, 97334, 109, 115, 0
11, SBA, partial, true, 25, 6487, 5359, 40701, 34910, 115, 125, 0
11, SPA, partial, true, 25, 11404, 10738, 198596, 188098, 105, 120, 0
11, SBA, complete, false, 50, 27896, 25210, 192783, 178369, 241, 250, 0
11, SBA, partial, false, 50, 14977, 12681, 109745, 95607, 241, 250, 0
11, SPA, complete, false, 50, 21894, 20294, 354045, 330451, 234, 240, 1
11, SBA, complete, true, 50, 28195, 25282, 194342, 178743, 241, 250, 0
11, SPA, partial, false, 50, 30424, 28535, 515859, 486869, 239, 245, 1
11, SBA, partial, true, 50, 15134, 12680, 110626, 95601, 241, 250, 0
11, SPA, complete, true, 50, 21782, 20279, 352621, 330499, 234, 240, 1
9, SPA, complete, false, 100, 51138, 47717, 748779, 702866, 485, 490, 17
11, SPA, partial, true, 50, 30198, 28536, 512300, 487055, 239, 245, 1
9, SPA, partial, false, 100, 79945, 75637, 1282915, 1221742, 474, 494, 17
11, SBA, complete, false, 100, 66550, 60358, 466443, 431712, 491, 500, 1
11, SBA, partial, false, 100, 34684, 29549, 273540, 239015, 489, 499, 0
11, SBA, complete, true, 100, 67104, 60551, 469468, 432739, 491, 500, 1
9, SPA, complete, true, 100, 51346, 47759, 752355, 703903, 485, 490, 18
11, SBA, partial, true, 100, 35068, 29548, 275685, 239003, 489, 499, 1
12, SBA, complete, false, 10, 3206, 2933, 17444, 16297, 40, 50, 0
12, SPA, complete, false, 10, 2112, 1840, 17789, 15666, 35, 40, 0
12, SBA, partial, false, 10, 1903, 1462, 12180, 9906, 38, 50, 0
12, SPA, partial, false, 10, 3219, 2844, 38387, 34360, 38, 45, 0
12, SBA, complete, true, 10, 3276, 2935, 17747, 16309, 40, 50, 0
12, SPA, complete, true, 10, 1975, 1840, 16610, 15666, 35, 40, 0
12, SBA, partial, true, 10, 1870, 1462, 12016, 9906, 38, 50, 0
12, SPA, partial, true, 10, 3102, 2935, 37706, 35904, 37, 45, 0
12, SBA, complete, false, 25, 12143, 11052, 75901, 70562, 115, 125, 0
12, SPA, complete, false, 25, 8851, 8101, 78652, 72811, 107, 115, 0
12, SBA, partial, false, 25, 6500, 5441, 44109, 38048, 114, 125, 0
12, SPA, partial, false, 25, 11027, 10177, 138673, 129117, 110, 120, 0
9, SPA, partial, true, 100, 79719, 75601, 1277595, 1219878, 475, 494, 17
12, SBA, complete, true, 25, 12309, 11085, 76688, 70729, 115, 125, 0
12, SPA, complete, true, 25, 8700, 8104, 77313, 72837, 107, 115, 0
12, SBA, partial, true, 25, 6549, 5441, 44376, 38048, 114, 125, 0
12, SPA, partial, true, 25, 10805, 10181, 135964, 129056, 110, 120, 0
12, SBA, complete, false, 50, 28258, 25543, 194190, 179313, 240, 250, 0
12, SBA, partial, false, 50, 15562, 13207, 117221, 102404, 239, 250, 0
12, SPA, complete, false, 50, 21222, 19709, 281237, 263134, 232, 240, 1
12, SBA, complete, true, 50, 28554, 25637, 195724, 179827, 240, 250, 0
12, SPA, partial, false, 50, 30415, 28516, 493482, 465078, 233, 245, 1
12, SBA, partial, true, 50, 15709, 13207, 118013, 102404, 239, 250, 0
12, SPA, complete, true, 50, 21240, 19754, 282253, 264054, 231, 240, 1
12, SPA, partial, true, 50, 30173, 28529, 489835, 465068, 233, 245, 1
12, SBA, complete, false, 100, 65722, 59482, 475196, 439035, 490, 500, 1
12, SBA, partial, false, 100, 34927, 29785, 276000, 241275, 489, 500, 0
10, SPA, complete, false, 100, 51089, 47634, 719388, 676849, 480, 490, 17
10, SPA, partial, false, 100, 68564, 64572, 1377409, 1303655, 474, 495, 17
10, SPA, complete, true, 100, 51263, 47669, 721781, 677339, 480, 490, 18
12, SBA, complete, true, 100, 66278, 59712, 478268, 440315, 490, 500, 1
10, SPA, partial, true, 100, 68544, 64568, 1375992, 1302729, 474, 495, 18
13, SBA, complete, false, 10, 3147, 2879, 17142, 16047, 39, 50, 0
13, SPA, complete, false, 10, 2092, 1826, 16870, 14835, 34, 40, 0
13, SBA, partial, false, 10, 1969, 1528, 10825, 8856, 38, 50, 0
13, SPA, partial, false, 10, 2861, 2523, 35794, 31855, 36, 45, 0
13, SBA, complete, true, 10, 3220, 2880, 17463, 16051, 39, 50, 0
12, SBA, partial, true, 100, 35313, 29785, 278185, 241275, 489, 500, 1
13, SPA, complete, true, 10, 1957, 1826, 15712, 14834, 34, 40, 0
13, SBA, partial, true, 10, 1944, 1528, 10720, 8856, 38, 50, 0
13, SPA, partial, true, 10, 2692, 2531, 34273, 32448, 34, 45, 0
13, SBA, complete, false, 25, 11622, 10503, 73130, 67682, 115, 125, 0
13, SBA, partial, false, 25, 6667, 5607, 40953, 35849, 115, 125, 0
13, SPA, complete, false, 25, 8524, 7798, 88427, 81755, 109, 115, 0
13, SBA, complete, true, 25, 11785, 10530, 73907, 67817, 115, 125, 0
13, SPA, partial, false, 25, 9797, 8985, 136836, 126515, 113, 120, 0
13, SBA, partial, true, 25, 6712, 5607, 41150, 35849, 115, 125, 0
13, SPA, complete, true, 25, 8386, 7807, 87049, 81870, 109, 115, 0
13, SPA, partial, true, 25, 9641, 8989, 135274, 126808, 113, 120, 0
13, SBA, complete, false, 50, 28563, 25929, 187223, 173443, 240, 250, 0
13, SBA, partial, false, 50, 15614, 13346, 96243, 84540, 240, 250, 0
13, SPA, complete, false, 50, 21420, 19857, 275698, 257845, 228, 240, 1
13, SBA, complete, true, 50, 28860, 26004, 188731, 173824, 240, 250, 0
13, SPA, partial, false, 50, 28446, 26595, 414159, 389620, 229, 245, 1
13, SBA, partial, true, 50, 15790, 13345, 97058, 84532, 240, 250, 0
13, SPA, complete, true, 50, 21301, 19797, 275807, 258685, 227, 240, 1
13, SPA, partial, true, 50, 28213, 26608, 413653, 392238, 228, 245, 1
13, SBA, complete, false, 100, 66400, 60182, 465578, 430547, 491, 500, 1
11, SPA, complete, false, 100, 51286, 47867, 870157, 817231, 485, 490, 18
13, SBA, partial, false, 100, 35529, 30477, 264756, 232581, 489, 500, 0
11, SPA, partial, false, 100, 73904, 69880, 1638164, 1557039, 473, 494, 18
11, SPA, complete, true, 100, 51632, 47926, 876185, 818551, 485, 490, 18
13, SBA, complete, true, 100, 66951, 60385, 468556, 431623, 491, 500, 1
13, SBA, partial, true, 100, 35912, 30477, 266782, 232581, 489, 500, 1
14, SBA, complete, false, 10, 3013, 2753, 17102, 16017, 41, 50, 0
14, SPA, complete, false, 10, 2068, 1819, 18470, 16431, 36, 40, 0
14, SBA, partial, false, 10, 1928, 1514, 11025, 9086, 37, 50, 0
14, SPA, partial, false, 10, 2700, 2385, 26284, 23460, 35, 45, 0
14, SBA, complete, true, 10, 3082, 2756, 17407, 16031, 41, 50, 0
14, SPA, complete, true, 10, 1950, 1821, 17417, 16447, 36, 40, 0
14, SBA, partial, true, 10, 1901, 1514, 10901, 9086, 37, 50, 0
14, SPA, partial, true, 10, 2548, 2395, 24808, 23542, 34, 45, 0
14, SBA, complete, false, 25, 11819, 10723, 75773, 70294, 115, 125, 0
14, SPA, complete, false, 25, 8689, 7957, 75394, 69906, 110, 115, 0
14, SBA, partial, false, 25, 6336, 5265, 39908, 34320, 113, 124, 0
14, SPA, partial, false, 25, 9844, 9063, 124600, 115826, 107, 119, 0
11, SPA, partial, true, 100, 73757, 69835, 1617501, 1539369, 484, 494, 18
14, SBA, complete, true, 25, 11984, 10754, 76572, 70447, 115, 125, 0
14, SBA, partial, true, 25, 6378, 5265, 40120, 34320, 113, 124, 0
14, SPA, complete, true, 25, 8548, 7947, 74217, 69817, 110, 115, 0
14, SPA, partial, true, 25, 9715, 9089, 124383, 117399, 107, 119, 0
14, SBA, complete, false, 50, 28081, 25457, 198873, 184407, 238, 250, 0
14, SBA, partial, false, 50, 15328, 13051, 104392, 91345, 239, 250, 0
14, SPA, complete, false, 50, 21578, 20048, 284612, 266264, 231, 240, 1
14, SBA, complete, true, 50, 28375, 25566, 200415, 184988, 238, 250, 0
14, SPA, partial, false, 50, 30774, 28905, 422053, 398805, 234, 245, 1
14, SBA, partial, true, 50, 15503, 13051, 105262, 91345, 239, 250, 0
14, SPA, complete, true, 50, 21535, 20071, 284228, 266582, 231, 240, 1
14, SPA, partial, true, 50, 30586, 28928, 420190, 399487, 236, 245, 1
14, SBA, complete, false, 100, 64470, 58370, 474400, 438997, 490, 500, 1
12, SPA, complete, false, 100, 51065, 47658, 745171, 701306, 484, 490, 18
14, SBA, partial, false, 100, 34851, 29778, 290283, 254749, 489, 500, 0
12, SPA, partial, false, 100, 66949, 63076, 1205145, 1142857, 479, 495, 18
14, SBA, complete, true, 100, 65020, 58595, 477409, 440223, 490, 500, 1
12, SPA, complete, true, 100, 51192, 47658, 746605, 701306, 484, 490, 18
14, SBA, partial, true, 100, 35199, 29777, 292341, 254740, 489, 500, 1
15, SBA, complete, false, 10, 3198, 2899, 17679, 16452, 40, 50, 0
15, SPA, complete, false, 10, 2296, 1993, 21698, 19027, 35, 40, 0
15, SBA, partial, false, 10, 1995, 1548, 11170, 9118, 39, 50, 0
15, SPA, partial, false, 10, 2567, 2237, 24042, 21277, 38, 45, 0
15, SBA, complete, true, 10, 3266, 2900, 17976, 16457, 40, 50, 0
15, SPA, complete, true, 10, 2137, 1994, 20081, 18944, 35, 40, 0
15, SBA, partial, true, 10, 1964, 1548, 11036, 9118, 39, 50, 0
15, SPA, partial, true, 10, 2401, 2239, 22911, 21583, 38, 45, 0
15, SBA, complete, false, 25, 11614, 10503, 74762, 69208, 115, 125, 0
12, SPA, partial, true, 100, 66901, 63075, 1201189, 1140186, 480, 495, 18
15, SBA, partial, false, 25, 6642, 5567, 41847, 36288, 114, 125, 0
15, SPA, complete, false, 25, 8586, 7846, 86976, 80355, 108, 115, 0
15, SBA, complete, true, 25, 11775, 10531, 75545, 69353, 115, 125, 0
15, SPA, partial, false, 25, 10787, 9953, 109166, 101844, 115, 120, 0
15, SBA, partial, true, 25, 6690, 5567, 42083, 36288, 114, 125, 0
15, SPA, complete, true, 25, 8446, 7848, 85539, 80390, 108, 115, 0
15, SPA, partial, true, 25, 10600, 9959, 107512, 101950, 115, 120, 0
15, SBA, complete, false, 50, 28044, 25334, 193416, 178784, 240, 250, 0
15, SBA, partial, false, 50, 15541, 13260, 109636, 96113, 239, 250, 0
15, SPA, complete, false, 50, 21629, 20052, 265682, 248618, 233, 240, 1
15, SBA, complete, true, 50, 28340, 25427, 194949, 179265, 240, 250, 0
15, SPA, partial, false, 50, 28406, 26605, 403671, 380858, 233, 245, 1
15, SBA, partial, true, 50, 15720, 13260, 110598, 96113, 239, 250, 0
15, SPA, complete, true, 50, 21734, 20220, 268216, 251710, 227, 240, 1
15, SPA, partial, true, 50, 28200, 26604, 400309, 380239, 233, 245, 1
15, SBA, complete, false, 100, 65067, 58922, 469410, 434313, 491, 500, 1
13, SPA, complete, false, 100, 51163, 47726, 745517, 700883, 486, 490, 18
15, SBA, partial, false, 100, 34699, 29631, 246855, 216342, 490, 499, 0
13, SPA, partial, false, 100, 73602, 69455, 1596902, 1511928, 469, 495, 18
13, SPA, complete, true, 100, 51331, 47757, 749924, 702058, 486, 490, 18
15, SBA, complete, true, 100, 65616, 59131, 472386, 435429, 491, 500, 1
13, SPA, partial, true, 100, 73454, 69491, 1599184, 1519280, 469, 495, 18
16, SBA, complete, false, 10, 3148, 2872, 17155, 16020, 40, 50, 0
16, SPA, complete, false, 10, 2083, 1820, 17651, 15576, 34, 40, 0
15, SBA, partial, true, 100, 35034, 29630, 248443, 216334, 490, 499, 1
16, SBA, partial, false, 10, 1914, 1501, 9946, 8125, 41, 50, 0
16, SPA, partial, false, 10, 2695, 2391, 26854, 24051, 40, 45, 0
16, SBA, complete, true, 10, 3219, 2874, 17471, 16030, 40, 50, 0
16, SPA, complete, true, 10, 1950, 1820, 16501, 15576, 34, 40, 0
16, SBA, partial, true, 10, 1884, 1501, 9810, 8125, 41, 50, 0
16, SPA, partial, true, 10, 2552, 2395, 25429, 24102, 40, 45, 0
16, SBA, complete, false, 25, 11806, 10744, 75082, 69763, 115, 125, 0
16, SPA, complete, false, 25, 8512, 7801, 86971, 80584, 110, 115, 0
16, SBA, partial, false, 25, 6602, 5547, 41071, 35614, 114, 125, 0
16, SBA, complete, true, 25, 11971, 10774, 75892, 69918, 115, 125, 0
16, SPA, partial, false, 25, 10484, 9640, 144527, 134001, 108, 120, 0
16, SBA, partial, true, 25, 6653, 5547, 41319, 35614, 114, 125, 0
16, SPA, complete, true, 25, 8386, 7801, 85787, 80634, 110, 115, 0
16, SPA, partial, true, 25, 10473, 9840, 143563, 135783, 108, 120, 0
16, SBA, complete, false, 50, 28925, 26280, 190643, 176754, 240, 250, 0
16, SBA, partial, false, 50, 15323, 12946, 121794, 105746, 236, 248, 0
16, SPA, complete, false, 50, 21533, 19962, 203050, 190060, 235, 240, 1
16, SBA, complete, true, 50, 29220, 26379, 192158, 177259, 240, 250, 0
16, SPA, partial, false, 50, 28669, 26858, 443263, 417594, 231, 243, 1
16, SBA, partial, true, 50, 15481, 12946, 122742, 105746, 236, 248, 0
16, SPA, complete, true, 50, 21462, 19965, 202242, 190130, 235, 240, 1
16, SPA, partial, true, 50, 28487, 26871, 442189, 418968, 230, 243, 1
16, SBA, complete, false, 100, 64487, 58387, 472924, 437666, 491, 500, 1
14, SPA, complete, false, 100, 50961, 47568, 690854, 650018, 480, 490, 17
16, SBA, partial, false, 100, 34853, 29629, 270104, 235943, 489, 500, 0
16, SBA, complete, true, 100, 65041, 58604, 475961, 438860, 491, 500, 1
14, SPA, partial, false, 100, 75615, 71477, 1633819, 1550704, 487, 495, 19
14, SPA, complete, true, 100, 51261, 47667, 694306, 651223, 480, 490, 18
16, SBA, partial, true, 100, 35238, 29629, 272236, 235943, 489, 500, 1
17, SBA, complete, false, 10, 3387, 3101, 18118, 16929, 40, 50, 0
17, SPA, complete, false, 10, 2248, 1950, 22421, 19594, 34, 40, 0
17, SBA, partial, false, 10, 2065, 1630, 12426, 10308, 38, 50, 0
17, SPA, partial, false, 10, 2987, 2641, 35695, 31774, 36, 45, 0
17, SBA, complete, true, 10, 3455, 3103, 18416, 16939, 40, 50, 0
17, SPA, complete, true, 10, 2090, 1951, 20802, 19601, 34, 40, 0
17, SBA, partial, true, 10, 2044, 1630, 12334, 10308, 38, 50, 0
17, SPA, partial, true, 10, 2805, 2647, 33823, 32146, 36, 45, 0
17, SBA, complete, false, 25, 11845, 10785, 74922, 69590, 115, 125, 0
17, SPA, complete, false, 25, 8465, 7757, 99979, 92528, 105, 115, 0
17, SBA, partial, false, 25, 6520, 5440, 43536, 37671, 114, 125, 0
17, SPA, partial, false, 25, 11249, 10410, 150406, 140347, 111, 120, 0
17, SBA, complete, true, 25, 12013, 10811, 75733, 69729, 115, 125, 0
17, SPA, complete, true, 25, 8366, 7780, 99037, 92993, 104, 115, 0
17, SBA, partial, true, 25, 6572, 5440, 43805, 37671, 114, 125, 0
14, SPA, partial, true, 100, 75481, 71517, 1633712, 1552609, 487, 495, 19
17, SPA, partial, true, 25, 11043, 10401, 149164, 141252, 111, 120, 0
17, SBA, complete, false, 50, 28011, 25304, 194278, 179586, 240, 250, 0
17, SBA, partial, false, 50, 15209, 12934, 105983, 92735, 241, 250, 0
17, SPA, complete, false, 50, 21906, 20302, 267474, 250200, 233, 240, 1
17, SBA, complete, true, 50, 28309, 25387, 195823, 180019, 240, 250, 0
17, SPA, partial, false, 50, 29184, 27323, 542225, 509730, 239, 245, 1
17, SBA, partial, true, 50, 15378, 12934, 106857, 92735, 241, 250, 0
17, SPA, complete, true, 50, 21915, 20382, 267691, 251321, 233, 240, 1
17, SPA, partial, true, 50, 28982, 27346, 538834, 510270, 239, 245, 1
15, SPA, complete, false, 100, 51291, 47805, 771377, 723830, 485, 490, 18
17, SBA, complete, false, 100, 66202, 60001, 464904, 429747, 490, 500, 1
17, SBA, partial, false, 100, 34394, 29542, 284804, 250658, 486, 500, 1
15, SPA, partial, false, 100, 80125, 75893, 1570082, 1494079, 489, 494, 18
17, SBA, complete, true, 100, 66759, 60214, 467923, 430894, 490, 500, 1
15, SPA, complete, true, 100, 51532, 47853, 775146, 724863, 485, 490, 18
17, SBA, partial, true, 100, 34780, 29542, 287189, 250658, 486, 500, 1
18, SBA, complete, false, 10, 3054, 2783, 16586, 15485, 40, 50, 0
18, SPA, complete, false, 10, 2090, 1828, 18866, 16648, 35, 40, 0
18, SBA, partial, false, 10, 1964, 1536, 10522, 8634, 39, 50, 0
18, SPA, partial, false, 10, 2612, 2275, 30092, 26470, 36, 45, 0
15, SPA, partial, true, 100, 79812, 75866, 1564168, 1493637, 489, 494, 19
18, SBA, complete, true, 10, 3125, 2785, 16897, 15495, 40, 50, 0
18, SPA, complete, true, 10, 1975, 1841, 17826, 16799, 35, 40, 0
18, SBA, partial, true, 10, 1936, 1536, 10423, 8634, 39, 50, 0
18, SPA, partial, true, 10, 2443, 2274, 28064, 26366, 37, 45, 0
18, SBA, complete, false, 25, 12325, 11196, 75591, 70022, 115, 125, 0
18, SBA, partial, false, 25, 6452, 5384, 41137, 35551, 116, 125, 0
18, SPA, complete, false, 25, 8810, 8055, 98349, 90687, 108, 115, 0
18, SBA, complete, true, 25, 12486, 11228, 76354, 70182, 115, 125, 0
18, SPA, partial, false, 25, 10194, 9374, 146374, 135497, 115, 120, 0
18, SPA, complete, true, 25, 8631, 8031, 96552, 90638, 108, 115, 0
18, SBA, partial, true, 25, 6497, 5384, 41377, 35551, 116, 125, 0
18, SPA, partial, true, 25, 10027, 9393, 144256, 135854, 115, 120, 0
18, SBA, complete, false, 50, 28144, 25508, 190672, 176660, 241, 250, 0
18, SBA, partial, false, 50, 15579, 13119, 104682, 90972, 239, 250, 0
18, SPA, complete, false, 50, 21594, 20049, 267781, 250806, 236, 240, 1
18, SBA, complete, true, 50, 28440, 25604, 192193, 177157, 241, 250, 0
18, SPA, partial, false, 50, 30793, 28892, 352369, 333440, 232, 245, 1
18, SBA, partial, true, 50, 15732, 13119, 105418, 90972, 239, 250, 0
18, SPA, complete, true, 50, 21492, 20006, 266735, 250442, 236, 240, 1
16, SPA, complete, false, 100, 51402, 47907, 689150, 646322, 485, 490, 18
18, SPA, partial, true, 50, 30538, 28903, 350161, 333929, 232, 245, 1
18, SBA, complete, false, 100, 65269, 59138, 472029, 436397, 490, 500, 1
18, SBA, partial, false, 100, 34633, 29482, 279268, 243608, 489, 500, 0
16, SPA, partial, false, 100, 70221, 66288, 1631425, 1548354, 477, 495, 18
18, SBA, complete, true, 100, 65826, 59333, 475081, 437475, 490, 500, 1
16, SPA, complete, true, 100, 51445, 47892, 688558, 645940, 485, 490, 18
18, SBA, partial, true, 100, 35010, 29482, 281455, 243608, 489, 500, 1
19, SBA, complete, false, 10, 3178, 2894, 17721, 16515, 40, 50, 0
19, SPA, complete, false, 10, 2097, 1829, 18014, 15869, 33, 40, 0
19, SBA, partial, false, 10, 1969, 1549, 10798, 8925, 39, 50, 0
19, SPA, partial, false, 10, 2839, 2497, 26834, 23834, 36, 45, 0
19, SBA, complete, true, 10, 3245, 2900, 18013, 16546, 40, 50, 0
19, SPA, complete, true, 10, 1955, 1823, 16786, 15826, 33, 40, 0
19, SBA, partial, true, 10, 1939, 1549, 10661, 8925, 39, 50, 0
19, SPA, partial, true, 10, 2665, 2512, 25565, 24280, 36, 45, 0
19, SBA, complete, false, 25, 11505, 10421, 75159, 69667, 115, 125, 0
19, SPA, complete, false, 25, 8692, 7961, 107516, 99568, 109, 115, 0
19, SBA, partial, false, 25, 6721, 5564, 43352, 37359, 114, 125, 0
19, SPA, partial, false, 25, 11305, 10456, 155280, 144876, 109, 120, 0
19, SBA, complete, true, 25, 11674, 10447, 75985, 69801, 115, 125, 0
19, SPA, complete, true, 25, 8551, 7962, 105866, 99611, 109, 115, 0
19, SBA, partial, true, 25, 6771, 5564, 43592, 37359, 114, 125, 0
19, SPA, partial, true, 25, 10900, 10252, 157465, 149042, 109, 120, 0
19, SBA, complete, false, 50, 28271, 25643, 195840, 181515, 241, 250, 0
16, SPA, partial, true, 100, 70342, 66334, 1647651, 1559882, 477, 495, 19
19, SBA, partial, false, 50, 15392, 13046, 113151, 98924, 239, 250, 0
19, SPA, complete, false, 50, 21808, 20228, 239132, 223872, 236, 240, 1
19, SBA, complete, true, 50, 28564, 25714, 197372, 181874, 241, 250, 0
19, SPA, partial, false, 50, 28305, 26546, 529117, 497253, 231, 245, 1
19, SBA, partial, true, 50, 15565, 13046, 114100, 98924, 239, 250, 0
19, SPA, complete, true, 50, 21708, 20195, 238170, 223558, 236, 240, 1
19, SBA, complete, false, 100, 65746, 59489, 476084, 439691, 490, 500, 1
19, SPA, partial, true, 50, 28158, 26546, 518812, 490143, 232, 245, 1
17, SPA, complete, false, 100, 50990, 47572, 1060727, 996980, 482, 490, 17
19, SBA, partial, false, 100, 34754, 29470, 265935, 232206, 488, 499, 0
17, SPA, partial, false, 100, 70943, 66888, 1781914, 1685157, 479, 495, 18
19, SBA, complete, true, 100, 66299, 59679, 479149, 440747, 490, 500, 1
17, SPA, complete, true, 100, 51148, 47572, 1063796, 996980, 482, 490, 17
19, SBA, partial, true, 100, 35084, 29469, 267576, 232199, 488, 499, 1
20, SBA, complete, false, 10, 3328, 3052, 18005, 16889, 38, 50, 0
20, SPA, complete, false, 10, 2222, 1931, 17717, 15501, 32, 40, 0
20, SBA, partial, false, 10, 1909, 1483, 10626, 8657, 39, 50, 0
20, SPA, partial, false, 10, 2573, 2260, 23957, 21283, 38, 45, 0
20, SBA, complete, true, 10, 3400, 3055, 18315, 16904, 38, 50, 0
20, SPA, complete, true, 10, 2071, 1937, 16619, 15716, 31, 40, 0
20, SBA, partial, true, 10, 1882, 1483, 10502, 8657, 39, 50, 0
20, SPA, partial, true, 10, 2414, 2260, 22517, 21280, 38, 45, 0
20, SBA, complete, false, 25, 11990, 10861, 76059, 70513, 115, 125, 0
20, SPA, complete, false, 25, 8773, 8021, 83602, 77368, 106, 115, 0
20, SBA, partial, false, 25, 6434, 5392, 39700, 34469, 115, 124, 0
20, SPA, partial, false, 25, 11265, 10397, 149023, 138484, 114, 119, 0
17, SPA, partial, true, 100, 70893, 66923, 1781218, 1685773, 480, 495, 18
20, SBA, complete, true, 25, 12156, 10888, 76859, 70650, 115, 125, 0
20, SBA, partial, true, 25, 6478, 5392, 39905, 34469, 115, 124, 0
20, SPA, complete, true, 25, 8628, 8034, 82252, 77469, 107, 115, 0
20, SPA, partial, true, 25, 11062, 10408, 146606, 138688, 114, 119, 0
20, SBA, complete, false, 50, 28642, 26012, 193153, 179078, 240, 250, 0
20, SBA, partial, false, 50, 15462, 13065, 109507, 95340, 237, 250, 0
20, SPA, complete, false, 50, 21737, 20168, 308401, 288863, 232, 240, 1
20, SBA, complete, true, 50, 28938, 26091, 194685, 179481, 240, 250, 0
20, SPA, partial, false, 50, 30238, 28274, 498833, 469098, 230, 245, 1
20, SBA, partial, true, 50, 15625, 13065, 110354, 95340, 237, 250, 0
20, SPA, complete, true, 50, 21715, 20187, 308241, 289175, 232, 240, 1
20, SPA, partial, true, 50, 30012, 28284, 495843, 469313, 232, 245, 1
18, SPA, complete, false, 100, 50996, 47544, 766952, 720637, 476, 490, 17
20, SBA, complete, false, 100, 65652, 59314, 470602, 434270, 490, 500, 1
20, SBA, partial, false, 100, 35049, 29814, 252581, 220104, 488, 500, 0
18, SPA, partial, false, 100, 70210, 66208, 1604946, 1520570, 472, 495, 18
20, SBA, complete, true, 100, 66203, 59511, 473611, 435350, 490, 500, 1
18, SPA, complete, true, 100, 51022, 47446, 766302, 718555, 479, 490, 17
20, SBA, partial, true, 100, 35423, 29814, 254532, 220104, 488, 500, 1
21, SBA, complete, false, 10, 3139, 2876, 17160, 16076, 40, 50, 0
21, SPA, complete, false, 10, 2081, 1816, 15917, 14045, 35, 40, 0
21, SBA, partial, false, 10, 1989, 1571, 9995, 8252, 39, 50, 0
21, SPA, partial, false, 10, 2743, 2413, 27829, 24696, 36, 45, 0
21, SBA, complete, true, 10, 3209, 2878, 17467, 16085, 40, 50, 0
21, SPA, complete, true, 10, 1945, 1816, 14868, 14046, 35, 40, 0
21, SBA, partial, true, 10, 1966, 1571, 9898, 8252, 39, 50, 0
21, SPA, partial, true, 10, 2573, 2410, 26091, 24614, 36, 45, 0
21, SBA, complete, false, 25, 11992, 10898, 77281, 71697, 115, 125, 0
21, SPA, complete, false, 25, 8711, 7975, 77978, 72261, 109, 115, 0
21, SBA, partial, false, 25, 6581, 5479, 44443, 38417, 115, 125, 0
21, SPA, partial, false, 25, 12488, 11544, 161819, 150496, 109, 120, 0
21, SBA, complete, true, 25, 12158, 10931, 78098, 71875, 115, 125, 0
18, SPA, partial, true, 100, 70181, 66246, 1588858, 1506676, 479, 495, 18
21, SBA, partial, true, 25, 6632, 5479, 44727, 38417, 115, 125, 0
21, SPA, complete, true, 25, 8565, 7975, 76672, 72261, 109, 115, 0
21, SPA, partial, true, 25, 12193, 11539, 158914, 151026, 109, 120, 0
21, SBA, complete, false, 50, 28374, 25585, 191815, 177011, 240, 250, 0
21, SBA, partial, false, 50, 15562, 13280, 101559, 89407, 241, 250, 0
21, SPA, complete, false, 50, 21738, 20151, 334010, 312087, 233, 240, 1
21, SBA, complete, true, 50, 28675, 25661, 193349, 177394, 240, 250, 0
21, SPA, partial, false, 50, 29111, 27250, 377668, 355861, 241, 245, 1
21, SBA, partial, true, 50, 15741, 13279, 102388, 89401, 241, 250, 0
21, SPA, complete, true, 50, 21646, 20121, 332930, 311880, 233, 240, 1
21, SPA, partial, true, 50, 29006, 27255, 378184, 356442, 241, 245, 1
21, SBA, complete, false, 100, 66428, 60142, 473958, 438057, 490, 500, 1
19, SPA, complete, false, 100, 51300, 47806, 642915, 603997, 481, 490, 17
21, SBA, partial, false, 100, 35311, 30244, 256580, 225151, 489, 500, 0
19, SPA, partial, false, 100, 67055, 63062, 1076633, 1019084, 485, 494, 18
21, SBA, complete, true, 100, 66980, 60332, 476973, 439087, 490, 500, 1
19, SPA, complete, true, 100, 51487, 47813, 644724, 602982, 482, 490, 17
19, SPA, partial, true, 100, 67712, 63816, 1081104, 1025193, 486, 494, 18
22, SBA, complete, false, 10, 3155, 2868, 17849, 16642, 40, 50, 0
22, SPA, complete, false, 10, 2201, 1920, 18771, 16571, 33, 40, 0
22, SBA, partial, false, 10, 2034, 1605, 11353, 9425, 39, 50, 0
22, SPA, partial, false, 10, 2549, 2257, 28804, 25748, 37, 45, 0
21, SBA, partial, true, 100, 35674, 30243, 258456, 225142, 489, 500, 1
22, SBA, complete, true, 10, 3224, 2869, 18154, 16647, 40, 50, 0
22, SPA, complete, true, 10, 2055, 1920, 17531, 16572, 33, 40, 0
22, SBA, partial, true, 10, 2009, 1605, 11240, 9425, 39, 50, 0
22, SPA, partial, true, 10, 2414, 2257, 27256, 25748, 37, 45, 0
22, SBA, complete, false, 25, 12415, 11282, 76101, 70611, 115, 125, 0
22, SPA, complete, false, 25, 8858, 8100, 112836, 103997, 105, 115, 0
22, SBA, partial, false, 25, 6507, 5446, 44520, 38565, 115, 125, 0
22, SBA, complete, true, 25, 12581, 11309, 76885, 70741, 115, 125, 0
22, SPA, partial, false, 25, 10725, 9865, 162014, 149873, 114, 120, 0
22, SPA, complete, true, 25, 8785, 8174, 112122, 105250, 105, 115, 0
22, SBA, partial, true, 25, 6551, 5446, 44754, 38565, 115, 125, 0
22, SPA, partial, true, 25, 10492, 9866, 158635, 149978, 114, 120, 0
22, SBA, complete, false, 50, 27733, 24977, 191965, 177103, 240, 250, 0
22, SBA, partial, false, 50, 15200, 12859, 118327, 103259, 237, 250, 0
22, SPA, complete, false, 50, 21519, 19956, 257379, 240693, 234, 240, 1
22, SBA, complete, true, 50, 28031, 25074, 193503, 177611, 240, 250, 0
22, SPA, partial, false, 50, 29348, 27499, 479952, 452835, 232, 245, 1
22, SBA, partial, true, 50, 15358, 12859, 119219, 103259, 237, 250, 0
22, SPA, complete, true, 50, 21457, 19958, 256844, 240936, 234, 240, 1
22, SPA, partial, true, 50, 29116, 27508, 475977, 452949, 232, 245, 1
22, SBA, complete, false, 100, 64657, 58556, 466584, 431749, 491, 500, 1
20, SPA, complete, false, 100, 50972, 47565, 734006, 689939, 481, 490, 17
22, SBA, partial, false, 100, 34738, 29583, 272294, 237927, 489, 500, 0
20, SPA, partial, false, 100, 76531, 72262, 1318933, 1250119, 477, 495, 18
22, SBA, complete, true, 100, 65209, 58770, 469590, 432916, 491, 500, 1
20, SPA, complete, true, 100, 51176, 47576, 737340, 690241, 481, 490, 17
22, SBA, partial, true, 100, 35100, 29583, 274294, 237927, 489, 500, 1
23, SBA, complete, false, 10, 3085, 2807, 17127, 15973, 40, 50, 0
23, SPA, complete, false, 10, 2064, 1798, 16132, 14210, 34, 40, 0
23, SBA, partial, false, 10, 2000, 1577, 12518, 10358, 38, 50, 0
23, SPA, partial, false, 10, 3292, 2906, 39026, 34666, 38, 45, 0
23, SBA, complete, true, 10, 3154, 2809, 17429, 15983, 40, 50, 0
23, SPA, complete, true, 10, 1931, 1798, 15438, 14529, 35, 40, 0
23, SBA, partial, true, 10, 1970, 1577, 12366, 10358, 38, 50, 0
23, SPA, partial, true, 10, 3063, 2907, 36212, 34595, 38, 45, 0
20, SPA, partial, true, 100, 76428, 72347, 1298439, 1232963, 478, 495, 18
23, SBA, complete, false, 25, 11816, 10771, 74526, 69312, 115, 125, 0
23, SBA, partial, false, 25, 6476, 5420, 41756, 36089, 115, 125, 0
23, SPA, complete, false, 25, 8541, 7828, 76694, 71148, 109, 115, 0
23, SBA, complete, true, 25, 11979, 10793, 75302, 69424, 115, 125, 0
23, SPA, partial, false, 25, 10858, 9992, 130230, 120888, 112, 120, 0
23, SBA, partial, true, 25, 6526, 5420, 42002, 36089, 115, 125, 0
23, SPA, complete, true, 25, 8422, 7836, 75692, 71264, 109, 115, 0
23, SPA, partial, true, 25, 10647, 9991, 128340, 121414, 112, 120, 0
23, SBA, complete, false, 50, 27916, 25225, 199512, 184423, 240, 250, 0
23, SBA, partial, false, 50, 15296, 13003, 108255, 94717, 239, 250, 0
23, SPA, complete, false, 50, 21675, 20131, 258851, 242688, 234, 240, 1
23, SBA, complete, true, 50, 28213, 25322, 201076, 184942, 240, 250, 0
23, SPA, partial, false, 50, 28436, 26614, 478391, 451189, 229, 245, 1
23, SBA, partial, true, 50, 15462, 13003, 109139, 94717, 239, 250, 0
23, SPA, complete, true, 50, 21705, 20164, 260501, 243573, 234, 240, 1
23, SPA, partial, true, 50, 28245, 26639, 475500, 451570, 229, 245, 1
23, SBA, complete, false, 100, 66041, 59830, 478706, 442495, 490, 500, 1
21, SPA, complete, false, 100, 52003, 48503, 750249, 705088, 479, 490, 17
23, SBA, partial, false, 100, 35057, 30010, 289729, 255022, 487, 500, 0
21, SPA, partial, false, 100, 63788, 59778, 1048881, 987238, 481, 495, 17
23, SBA, complete, true, 100, 66596, 60043, 481761, 443677, 490, 500, 1
21, SPA, complete, true, 100, 52255, 48566, 754156, 705727, 479, 490, 18
23, SBA, partial, true, 100, 35440, 30010, 292057, 255022, 487, 500, 1
24, SBA, complete, false, 10, 3075, 2800, 16571, 15461, 40, 50, 0
24, SPA, complete, false, 10, 2061, 1791, 16888, 14806, 35, 40, 0
24, SBA, partial, false, 10, 1975, 1569, 10876, 9042, 39, 50, 0
24, SPA, partial, false, 10, 3298, 2905, 36749, 32667, 39, 45, 0
24, SBA, complete, true, 10, 3146, 2801, 16886, 15465, 40, 50, 0
24, SPA, complete, true, 10, 1922, 1795, 15729, 14838, 35, 40, 0
24, SBA, partial, true, 10, 1945, 1569, 10747, 9042, 39, 50, 0
24, SPA, partial, true, 10, 3080, 2903, 34308, 32653, 39, 45, 0
24, SBA, complete, false, 25, 11965, 10914, 75783, 70511, 115, 125, 0
24, SPA, complete, false, 25, 8645, 7924, 86657, 80303, 106, 115, 0
24, SBA, partial, false, 25, 6393, 5312, 40214, 34736, 114, 125, 0
24, SPA, partial, false, 25, 11112, 10258, 126119, 117491, 109, 120, 0
24, SBA, complete, true, 25, 12128, 10945, 76561, 70668, 115, 125, 0
24, SPA, complete, true, 25, 8506, 7918, 85292, 80262, 106, 115, 0
21, SPA, partial, true, 100, 63838, 59816, 1034498, 971800, 481, 495, 18
24, SBA, partial, true, 25, 6441, 5312, 40456, 34736, 114, 125, 0
24, SPA, partial, true, 25, 10695, 10059, 123402, 117113, 109, 120, 0
24, SBA, complete, false, 50, 28738, 26104, 195969, 181822, 240, 250, 0
24, SBA, partial, false, 50, 14993, 12820, 117196, 102882, 238, 250, 0
24, SPA, complete, false, 50, 22044, 20467, 293789, 274669, 232, 240, 1
24, SBA, complete, true, 50, 29039, 26190, 197519, 182267, 240, 250, 0
24, SPA, partial, false, 50, 29864, 27988, 543043, 511461, 239, 245, 1
24, SBA, partial, true, 50, 15136, 12821, 118030, 102887, 238, 250, 0
24, SPA, complete, true, 50, 22018, 20478, 324081, 303517, 226, 240, 1
24, SPA, partial, true, 50, 29617, 27992, 539403, 511771, 239, 245, 1
24, SBA, complete, false, 100, 64285, 57970, 471253, 434840, 490, 500, 1
22, SPA, complete, false, 100, 50928, 47474, 899808, 844182, 484, 490, 18
24, SBA, partial, false, 100, 34130, 29097, 259808, 227405, 491, 500, 0
22, SPA, partial, false, 100, 66980, 63003, 1131871, 1069723, 483, 495, 18
24, SBA, complete, true, 100, 64838, 58183, 474298, 436024, 490, 500, 1
22, SPA, complete, true, 100, 51151, 47507, 905787, 845625, 484, 490, 18
24, SBA, partial, true, 100, 34494, 29096, 261722, 227399, 491, 500, 1
22, SPA, partial, true, 100, 66897, 62989, 1132117, 1070728, 483, 495, 18
23, SPA, complete, false, 100, 51565, 48101, 920822, 865275, 482, 490, 18
23, SPA, partial, false, 100, 71319, 67321, 1104627, 1048134, 483, 495, 18
23, SPA, complete, true, 100, 51779, 48176, 924256, 866226, 482, 490, 18
23, SPA, partial, true, 100, 69775, 65832, 1092754, 1036507, 483, 495, 18
24, SPA, complete, false, 100, 51320, 47906, 611613, 575483, 483, 490, 17
24, SPA, partial, false, 100, 76731, 72601, 1246260, 1185852, 490, 495, 18
24, SPA, complete, true, 100, 51494, 47936, 613138, 575857, 483, 490, 17
24, SPA, partial, true, 100, 76522, 72591, 1243331, 1185868, 490, 495, 18
